sample_name	filename
placeholder	placeholder
RN18_50_587_cent.mzML	RN18_50_587_cent.mzML
RN18_50_588_cent.mzML	RN18_50_588_cent.mzML
BN_86_cent.mzML	BN_86_cent.mzML
EN_ERS_1_cent.mzML	EN_ERS_1_cent.mzML
EN_ERS_2_cent.mzML	EN_ERS_2_cent.mzML
EN_ERS_3_cent.mzML	EN_ERS_3_cent.mzML
EN_ERS_4_cent.mzML	EN_ERS_4_cent.mzML
EN_ERS_6_cent.mzML	EN_ERS_6_cent.mzML
EN_ERS_7_cent.mzML	EN_ERS_7_cent.mzML
EN_ERS_8_cent.mzML	EN_ERS_8_cent.mzML
EN_ERS_11_cent.mzML	EN_ERS_11_cent.mzML
EN_ERS_18_cent.mzML	EN_ERS_18_cent.mzML
EN_ERS_24_cent.mzML	EN_ERS_24_cent.mzML
EN_ERS_28_cent.mzML	EN_ERS_28_cent.mzML
EN_ERS_29_cent.mzML	EN_ERS_29_cent.mzML
RN18_50_589_cent.mzML	RN18_50_589_cent.mzML
EN_ERS_30_cent.mzML	EN_ERS_30_cent.mzML
EN_ERS_31_cent.mzML	EN_ERS_31_cent.mzML
EN_ERS_39_cent.mzML	EN_ERS_39_cent.mzML
EN_ERS_42_cent.mzML	EN_ERS_42_cent.mzML
EN_ERS_43_cent.mzML	EN_ERS_43_cent.mzML
EN_ERS_55_cent.mzML	EN_ERS_55_cent.mzML
EN_ERS_71_cent.mzML	EN_ERS_71_cent.mzML
EN_ERS_77_cent.mzML	EN_ERS_77_cent.mzML
EN_ERS_78_cent.mzML	EN_ERS_78_cent.mzML
EN_ERS_82_cent.mzML	EN_ERS_82_cent.mzML
EN_ERS_86_cent.mzML	EN_ERS_86_cent.mzML
EN_ERS_87_cent.mzML	EN_ERS_87_cent.mzML
RN18_50_590_cent.mzML	RN18_50_590_cent.mzML
EN_ERS_89_cent.mzML	EN_ERS_89_cent.mzML
EN_ERS_92_cent.mzML	EN_ERS_92_cent.mzML
EN_ERS_96_cent.mzML	EN_ERS_96_cent.mzML
EN_ERS_98_cent.mzML	EN_ERS_98_cent.mzML
EN_ERS_99_cent.mzML	EN_ERS_99_cent.mzML
EN_ERS_103_cent.mzML	EN_ERS_103_cent.mzML
EN_ERS_105_cent.mzML	EN_ERS_105_cent.mzML
EN_ERS_106_cent.mzML	EN_ERS_106_cent.mzML
EN_ERS_112_cent.mzML	EN_ERS_112_cent.mzML
EN_ERS_121_cent.mzML	EN_ERS_121_cent.mzML
EN_ERS_149_cent.mzML	EN_ERS_149_cent.mzML
EN_ERS_163_cent.mzML	EN_ERS_163_cent.mzML
RN18_50_591_cent.mzML	RN18_50_591_cent.mzML
EN_ERS_187_cent.mzML	EN_ERS_187_cent.mzML
EN_ERS_189_cent.mzML	EN_ERS_189_cent.mzML
EN_ERS_190_cent.mzML	EN_ERS_190_cent.mzML
EN_ERS_200_cent.mzML	EN_ERS_200_cent.mzML
EN_ERS_228_cent.mzML	EN_ERS_228_cent.mzML
EN_ERS_229_cent.mzML	EN_ERS_229_cent.mzML
EN_ERS_230_cent.mzML	EN_ERS_230_cent.mzML
EN_ERS_250_cent.mzML	EN_ERS_250_cent.mzML
EN_ERS_251_cent.mzML	EN_ERS_251_cent.mzML
EN_ERS_258_cent.mzML	EN_ERS_258_cent.mzML
EN_ERS_272_cent.mzML	EN_ERS_272_cent.mzML
EN_ERS_274_cent.mzML	EN_ERS_274_cent.mzML
RN18_50_592_cent.mzML	RN18_50_592_cent.mzML
EN_ERS_5_cent.mzML	EN_ERS_5_cent.mzML
EN_ERS_9_cent.mzML	EN_ERS_9_cent.mzML
EN_ERS_10_cent.mzML	EN_ERS_10_cent.mzML
EN_ERS_12_cent.mzML	EN_ERS_12_cent.mzML
EN_ERS_13_cent.mzML	EN_ERS_13_cent.mzML
EN_ERS_16_cent.mzML	EN_ERS_16_cent.mzML
EN_ERS_17_cent.mzML	EN_ERS_17_cent.mzML
EN_ERS_19_cent.mzML	EN_ERS_19_cent.mzML
EN_ERS_25_cent.mzML	EN_ERS_25_cent.mzML
EN_ERS_41_cent.mzML	EN_ERS_41_cent.mzML
EN_ERS_57_cent.mzML	EN_ERS_57_cent.mzML
EN_ERS_62_cent.mzML	EN_ERS_62_cent.mzML
RN18_50_593_cent.mzML	RN18_50_593_cent.mzML
EN_ERS_72_cent.mzML	EN_ERS_72_cent.mzML
EN_ERS_73_cent.mzML	EN_ERS_73_cent.mzML
EN_ERS_75_cent.mzML	EN_ERS_75_cent.mzML
EN_ERS_81_cent.mzML	EN_ERS_81_cent.mzML
EN_ERS_84_cent.mzML	EN_ERS_84_cent.mzML
EN_ERS_91_cent.mzML	EN_ERS_91_cent.mzML
EN_ERS_94_cent.mzML	EN_ERS_94_cent.mzML
EN_ERS_102_cent.mzML	EN_ERS_102_cent.mzML
EN_ERS_104_cent.mzML	EN_ERS_104_cent.mzML
EN_ERS_107_cent.mzML	EN_ERS_107_cent.mzML
EN_ERS_109_cent.mzML	EN_ERS_109_cent.mzML
EN_ERS_115_cent.mzML	EN_ERS_115_cent.mzML
RN18_50_594_cent.mzML	RN18_50_594_cent.mzML
EN_ERS_116_cent.mzML	EN_ERS_116_cent.mzML
EN_ERS_118_cent.mzML	EN_ERS_118_cent.mzML
EN_ERS_122_cent.mzML	EN_ERS_122_cent.mzML
EN_ERS_150_cent.mzML	EN_ERS_150_cent.mzML
EN_ERS_153_cent.mzML	EN_ERS_153_cent.mzML
EN_ERS_156_cent.mzML	EN_ERS_156_cent.mzML
EN_ERS_164_cent.mzML	EN_ERS_164_cent.mzML
RN18_50_595_cent.mzML	RN18_50_595_cent.mzML
RN18_50_596_cent.mzML	RN18_50_596_cent.mzML
BN_87_cent.mzML	BN_87_cent.mzML
EN_ERS_171_cent.mzML	EN_ERS_171_cent.mzML
EN_ERS_188_cent.mzML	EN_ERS_188_cent.mzML
EN_ERS_198_cent.mzML	EN_ERS_198_cent.mzML
EN_ERS_201_cent.mzML	EN_ERS_201_cent.mzML
EN_ERS_207_cent.mzML	EN_ERS_207_cent.mzML
EN_ERS_209_cent.mzML	EN_ERS_209_cent.mzML
EN_ERS_217_cent.mzML	EN_ERS_217_cent.mzML
EN_ERS_225_cent.mzML	EN_ERS_225_cent.mzML
EN_ERS_245_cent.mzML	EN_ERS_245_cent.mzML
EN_ERS_247_cent.mzML	EN_ERS_247_cent.mzML
EN_ERS_252_cent.mzML	EN_ERS_252_cent.mzML
EN_ERS_253_cent.mzML	EN_ERS_253_cent.mzML
EN_ERS_271_cent.mzML	EN_ERS_271_cent.mzML
EN_ERS_276_cent.mzML	EN_ERS_276_cent.mzML
RN18_50_597_cent.mzML	RN18_50_597_cent.mzML
EN_ERS_290_cent.mzML	EN_ERS_290_cent.mzML
EN_ERS_304_cent.mzML	EN_ERS_304_cent.mzML
EN_ERS_14_cent.mzML	EN_ERS_14_cent.mzML
EN_ERS_15_cent.mzML	EN_ERS_15_cent.mzML
EN_ERS_20_cent.mzML	EN_ERS_20_cent.mzML
EN_ERS_21_cent.mzML	EN_ERS_21_cent.mzML
EN_ERS_23_cent.mzML	EN_ERS_23_cent.mzML
EN_ERS_26_cent.mzML	EN_ERS_26_cent.mzML
EN_ERS_47_cent.mzML	EN_ERS_47_cent.mzML
EN_ERS_51_cent.mzML	EN_ERS_51_cent.mzML
EN_ERS_61_cent.mzML	EN_ERS_61_cent.mzML
EN_ERS_68_cent.mzML	EN_ERS_68_cent.mzML
EN_ERS_74_cent.mzML	EN_ERS_74_cent.mzML
EN_ERS_83_cent.mzML	EN_ERS_83_cent.mzML
RN18_50_599_cent.mzML	RN18_50_599_cent.mzML
EN_ERS_85_cent.mzML	EN_ERS_85_cent.mzML
EN_ERS_88_cent.mzML	EN_ERS_88_cent.mzML
EN_ERS_93_cent.mzML	EN_ERS_93_cent.mzML
EN_ERS_110_cent.mzML	EN_ERS_110_cent.mzML
EN_ERS_113_cent.mzML	EN_ERS_113_cent.mzML
EN_ERS_117_cent.mzML	EN_ERS_117_cent.mzML
EN_ERS_119_cent.mzML	EN_ERS_119_cent.mzML
EN_ERS_120_cent.mzML	EN_ERS_120_cent.mzML
EN_ERS_123_cent.mzML	EN_ERS_123_cent.mzML
EN_ERS_125_cent.mzML	EN_ERS_125_cent.mzML
EN_ERS_126_cent.mzML	EN_ERS_126_cent.mzML
EN_ERS_138_cent.mzML	EN_ERS_138_cent.mzML
RN18_50_600_cent.mzML	RN18_50_600_cent.mzML
EN_ERS_144_cent.mzML	EN_ERS_144_cent.mzML
EN_ERS_145_cent.mzML	EN_ERS_145_cent.mzML
EN_ERS_181_cent.mzML	EN_ERS_181_cent.mzML
EN_ERS_185_cent.mzML	EN_ERS_185_cent.mzML
EN_ERS_202_cent.mzML	EN_ERS_202_cent.mzML
EN_ERS_205_cent.mzML	EN_ERS_205_cent.mzML
EN_ERS_210_cent.mzML	EN_ERS_210_cent.mzML
EN_ERS_211_cent.mzML	EN_ERS_211_cent.mzML
EN_ERS_213_cent.mzML	EN_ERS_213_cent.mzML
EN_ERS_219_cent.mzML	EN_ERS_219_cent.mzML
EN_ERS_231_cent.mzML	EN_ERS_231_cent.mzML
EN_ERS_248_cent.mzML	EN_ERS_248_cent.mzML
RN18_50_601_cent.mzML	RN18_50_601_cent.mzML
EN_ERS_254_cent.mzML	EN_ERS_254_cent.mzML
EN_ERS_255_cent.mzML	EN_ERS_255_cent.mzML
EN_ERS_265_cent.mzML	EN_ERS_265_cent.mzML
EN_ERS_269_cent.mzML	EN_ERS_269_cent.mzML
EN_ERS_273_cent.mzML	EN_ERS_273_cent.mzML
EN_ERS_281_cent.mzML	EN_ERS_281_cent.mzML
EN_ERS_282_cent.mzML	EN_ERS_282_cent.mzML
EN_ERS_288_cent.mzML	EN_ERS_288_cent.mzML
EN_ERS_22_cent.mzML	EN_ERS_22_cent.mzML
EN_ERS_27_cent.mzML	EN_ERS_27_cent.mzML
EN_ERS_32_cent.mzML	EN_ERS_32_cent.mzML
EN_ERS_33_cent.mzML	EN_ERS_33_cent.mzML
RN18_50_602_cent.mzML	RN18_50_602_cent.mzML
EN_ERS_35_cent.mzML	EN_ERS_35_cent.mzML
EN_ERS_40_cent.mzML	EN_ERS_40_cent.mzML
EN_ERS_52_cent.mzML	EN_ERS_52_cent.mzML
EN_ERS_64_cent.mzML	EN_ERS_64_cent.mzML
EN_ERS_76_cent.mzML	EN_ERS_76_cent.mzML
EN_ERS_90_cent.mzML	EN_ERS_90_cent.mzML
EN_ERS_95_cent.mzML	EN_ERS_95_cent.mzML
EN_ERS_100_cent.mzML	EN_ERS_100_cent.mzML
EN_ERS_108_cent.mzML	EN_ERS_108_cent.mzML
EN_ERS_128_cent.mzML	EN_ERS_128_cent.mzML
EN_ERS_129_cent.mzML	EN_ERS_129_cent.mzML
EN_ERS_133_cent.mzML	EN_ERS_133_cent.mzML
RN18_50_603_cent.mzML	RN18_50_603_cent.mzML
EN_ERS_140_cent.mzML	EN_ERS_140_cent.mzML
EN_ERS_142_cent.mzML	EN_ERS_142_cent.mzML
EN_ERS_147_cent.mzML	EN_ERS_147_cent.mzML
EN_ERS_148_cent.mzML	EN_ERS_148_cent.mzML
EN_ERS_151_cent.mzML	EN_ERS_151_cent.mzML
EN_ERS_152_cent.mzML	EN_ERS_152_cent.mzML
EN_ERS_154_cent.mzML	EN_ERS_154_cent.mzML
EN_ERS_157_cent.mzML	EN_ERS_157_cent.mzML
EN_ERS_162_cent.mzML	EN_ERS_162_cent.mzML
EN_ERS_177_cent.mzML	EN_ERS_177_cent.mzML
EN_ERS_182_cent.mzML	EN_ERS_182_cent.mzML
EN_ERS_193_cent.mzML	EN_ERS_193_cent.mzML
EN_ERS_195_cent.mzML	EN_ERS_195_cent.mzML
EN_ERS_203_cent.mzML	EN_ERS_203_cent.mzML
EN_ERS_208_cent.mzML	EN_ERS_208_cent.mzML
RN18_50_604_cent.mzML	RN18_50_604_cent.mzML
RN18_50_605_cent.mzML	RN18_50_605_cent.mzML
RN18_50_606_cent.mzML	RN18_50_606_cent.mzML
BN_88_cent.mzML	BN_88_cent.mzML
EN_ERS_214_cent.mzML	EN_ERS_214_cent.mzML
EN_ERS_216_cent.mzML	EN_ERS_216_cent.mzML
EN_ERS_224_cent.mzML	EN_ERS_224_cent.mzML
EN_ERS_232_cent.mzML	EN_ERS_232_cent.mzML
EN_ERS_233_cent.mzML	EN_ERS_233_cent.mzML
EN_ERS_256_cent.mzML	EN_ERS_256_cent.mzML
EN_ERS_263_cent.mzML	EN_ERS_263_cent.mzML
EN_ERS_270_cent.mzML	EN_ERS_270_cent.mzML
EN_ERS_291_cent.mzML	EN_ERS_291_cent.mzML
EN_ERS_292_cent.mzML	EN_ERS_292_cent.mzML
EN_ERS_294_cent.mzML	EN_ERS_294_cent.mzML
EN_ERS_295_cent.mzML	EN_ERS_295_cent.mzML
RN18_50_607_cent.mzML	RN18_50_607_cent.mzML
EN_ERS_301_cent.mzML	EN_ERS_301_cent.mzML
EN_ERS_308_cent.mzML	EN_ERS_308_cent.mzML
EN_ERS_34_cent.mzML	EN_ERS_34_cent.mzML
EN_ERS_36_cent.mzML	EN_ERS_36_cent.mzML
EN_ERS_38_cent.mzML	EN_ERS_38_cent.mzML
EN_ERS_50_cent.mzML	EN_ERS_50_cent.mzML
EN_ERS_56_cent.mzML	EN_ERS_56_cent.mzML
EN_ERS_63_cent.mzML	EN_ERS_63_cent.mzML
EN_ERS_66_cent.mzML	EN_ERS_66_cent.mzML
EN_ERS_114_cent.mzML	EN_ERS_114_cent.mzML
EN_ERS_124_cent.mzML	EN_ERS_124_cent.mzML
RN18_50_608_cent.mzML	RN18_50_608_cent.mzML
EN_ERS_132_cent.mzML	EN_ERS_132_cent.mzML
EN_ERS_134_cent.mzML	EN_ERS_134_cent.mzML
EN_ERS_158_cent.mzML	EN_ERS_158_cent.mzML
EN_ERS_159_cent.mzML	EN_ERS_159_cent.mzML
EN_ERS_161_cent.mzML	EN_ERS_161_cent.mzML
EN_ERS_166_cent.mzML	EN_ERS_166_cent.mzML
EN_ERS_169_cent.mzML	EN_ERS_169_cent.mzML
EN_ERS_173_cent.mzML	EN_ERS_173_cent.mzML
EN_ERS_174_cent.mzML	EN_ERS_174_cent.mzML
EN_ERS_178_cent.mzML	EN_ERS_178_cent.mzML
EN_ERS_191_cent.mzML	EN_ERS_191_cent.mzML
EN_ERS_196_cent.mzML	EN_ERS_196_cent.mzML
RN18_50_609_cent.mzML	RN18_50_609_cent.mzML
RN18_50_610_cent.mzML	RN18_50_610_cent.mzML
EN_ERS_197_cent.mzML	EN_ERS_197_cent.mzML
EN_ERS_199_cent.mzML	EN_ERS_199_cent.mzML
EN_ERS_204_cent.mzML	EN_ERS_204_cent.mzML
EN_ERS_206_cent.mzML	EN_ERS_206_cent.mzML
EN_ERS_215_cent.mzML	EN_ERS_215_cent.mzML
EN_ERS_236_cent.mzML	EN_ERS_236_cent.mzML
EN_ERS_227_cent.mzML	EN_ERS_227_cent.mzML
EN_ERS_240_cent.mzML	EN_ERS_240_cent.mzML
EN_ERS_246_cent.mzML	EN_ERS_246_cent.mzML
EN_ERS_249_cent.mzML	EN_ERS_249_cent.mzML
EN_ERS_257_cent.mzML	EN_ERS_257_cent.mzML
EN_ERS_259_cent.mzML	EN_ERS_259_cent.mzML
RN18_50_611_cent.mzML	RN18_50_611_cent.mzML
EN_ERS_261_cent.mzML	EN_ERS_261_cent.mzML
EN_ERS_284_cent.mzML	EN_ERS_284_cent.mzML
EN_ERS_296_cent.mzML	EN_ERS_296_cent.mzML
EN_ERS_297_cent.mzML	EN_ERS_297_cent.mzML
EN_ERS_300_cent.mzML	EN_ERS_300_cent.mzML
EN_ERS_37_cent.mzML	EN_ERS_37_cent.mzML
EN_ERS_48_cent.mzML	EN_ERS_48_cent.mzML
EN_ERS_65_cent.mzML	EN_ERS_65_cent.mzML
EN_ERS_67_cent.mzML	EN_ERS_67_cent.mzML
RN18_50_612_cent.mzML	RN18_50_612_cent.mzML
EN_ERS_79_cent.mzML	EN_ERS_79_cent.mzML
EN_ERS_101_cent.mzML	EN_ERS_101_cent.mzML
EN_ERS_131_cent.mzML	EN_ERS_131_cent.mzML
EN_ERS_135_cent.mzML	EN_ERS_135_cent.mzML
EN_ERS_155_cent.mzML	EN_ERS_155_cent.mzML
EN_ERS_172_cent.mzML	EN_ERS_172_cent.mzML
EN_ERS_179_cent.mzML	EN_ERS_179_cent.mzML
EN_ERS_183_cent.mzML	EN_ERS_183_cent.mzML
EN_ERS_186_cent.mzML	EN_ERS_186_cent.mzML
EN_ERS_212_cent.mzML	EN_ERS_212_cent.mzML
EN_ERS_218_cent.mzML	EN_ERS_218_cent.mzML
RN18_50_613_cent.mzML	RN18_50_613_cent.mzML
EN_ERS_221_cent.mzML	EN_ERS_221_cent.mzML
EN_ERS_241_cent.mzML	EN_ERS_241_cent.mzML
EN_ERS_260_cent.mzML	EN_ERS_260_cent.mzML
EN_ERS_262_cent.mzML	EN_ERS_262_cent.mzML
EN_ERS_266_cent.mzML	EN_ERS_266_cent.mzML
EN_ERS_267_cent.mzML	EN_ERS_267_cent.mzML
EN_ERS_275_cent.mzML	EN_ERS_275_cent.mzML
EN_ERS_277_cent.mzML	EN_ERS_277_cent.mzML
EN_ERS_286_cent.mzML	EN_ERS_286_cent.mzML
EN_ERS_287_cent.mzML	EN_ERS_287_cent.mzML
RN18_50_614_cent.mzML	RN18_50_614_cent.mzML
EN_ERS_298_cent.mzML	EN_ERS_298_cent.mzML
EN_ERS_44_cent.mzML	EN_ERS_44_cent.mzML
EN_ERS_49_cent.mzML	EN_ERS_49_cent.mzML
